employee_id,first_name,last_name,email,salary
0,Rodney,Brown,elizabeth81@example.com,7311
1,Deborah,Montgomery,maryjohnson@example.org,8569
2,Patricia,Blankenship,qcarter@example.org,9687
3,Kevin,Johnson,wallacejoseph@example.com,8458
4,Gina,Monroe,gabriellerichardson@example.org,4559
5,Renee,Mcintyre,martineztiffany@example.com,8042
6,James,Cox,antoniojones@example.com,7680
7,Elizabeth,Robinson,stevenrobinson@example.org,3243
8,Kevin,Smith,srobinson@example.net,7547
9,Jennifer,Smith,qguerrero@example.net,5205
10,Anthony,Duke,danielhanson@example.net,6219
11,Omar,Thompson,amandahenry@example.net,3511
12,Joseph,Murray,susanhicks@example.org,6477
13,Elizabeth,Andersen,crystal96@example.org,3772
14,Derek,Deleon,shelly24@example.org,5931
15,Rachel,Mullins,ebonilla@example.net,7736
16,Olivia,Pearson,angelawilliams@example.org,5893
17,Rebecca,Davenport,justin81@example.org,4093
18,Matthew,Butler,sarah77@example.org,9535
19,Kevin,Salas,shawneaton@example.org,4293
20,Rachel,Ibarra,umolina@example.com,7338
21,Elizabeth,Johnson,tmiller@example.com,5644
22,John,Marsh,kimamy@example.org,4883
23,Michael,Murphy,gravesandrew@example.org,9053
24,Juan,Sweeney,deannamorales@example.org,9239
25,Jerry,Robinson,colemanjason@example.com,9483
26,Curtis,Russo,dawn72@example.net,3653
27,Michael,Finley,robert92@example.com,9565
28,John,Adams,ajones@example.com,4873
29,Christopher,Knight,iwilliams@example.com,6726
30,Christine,Gutierrez,eric63@example.org,8706
31,James,Cook,bmeyers@example.org,9776
32,Carrie,Bell,eberger@example.com,7985
33,Jessica,Jimenez,landrysamantha@example.org,5885
34,Melissa,Hughes,michael03@example.org,5695
35,Jackie,Myers,carterraymond@example.org,3920
36,Richard,Simpson,cameron18@example.com,5928
37,Dennis,Stone,jonathan93@example.org,5998
38,Jennifer,Ward,zpotter@example.net,4250
39,Joshua,Harris,obailey@example.org,5654
40,Erik,Smith,philiprodriguez@example.net,8737
41,Karen,Rivera,youngkristina@example.org,8253
42,Kathleen,Ruiz,qmoreno@example.net,3122
43,Kristen,Lopez,alyssa58@example.com,7261
44,Chad,Weber,ronaldwilliams@example.net,8424
45,Haley,Schaefer,hthomas@example.net,9908
46,Elizabeth,Green,zbradley@example.net,9935
47,Susan,Allison,stephaniestokes@example.org,6484
48,Rebecca,Cervantes,williamsashley@example.net,8292
49,Tyler,White,andersonjenna@example.org,5681
50,Eduardo,Wilson,qsummers@example.org,5390
51,Alexander,Lawson,martinezemily@example.com,3924
52,Edward,Barry,ramirezkellie@example.com,6902
53,Christopher,Rodriguez,sbailey@example.org,9860
54,Alexis,Wright,brittneyflowers@example.net,6714
55,Beth,Cook,mbailey@example.com,9100
56,Margaret,Knight,zburke@example.org,5976
57,Lisa,Hodges,hawkinsmisty@example.com,9124
58,Sarah,Turner,laura54@example.net,6087
59,William,Robinson,charles57@example.com,3217
60,Crystal,Burke,emathews@example.net,7845
61,Clayton,Lee,patricia59@example.com,8744
62,Laura,Scott,yesenia10@example.org,5370
63,Maria,Miller,stacie33@example.net,9648
64,Julia,Edwards,alexanderelizabeth@example.org,6638
65,Martha,Robbins,cisnerosthomas@example.net,3664
66,Gary,Hopkins,whitejackson@example.com,8393
67,Jeremy,Davidson,johnsonsteven@example.org,3116
68,Crystal,Gibson,kelleystephanie@example.org,9038
69,Alexandra,Patton,qbailey@example.net,8428
70,Anita,Clark,rosejeffery@example.org,9274
71,Brian,Reynolds,jonjohnson@example.com,4297
72,Nicholas,Grant,gary18@example.net,6198
73,Nicholas,Castillo,lloydarthur@example.com,5961
74,Robert,Huang,dominiccox@example.com,6029
75,Sarah,Sutton,rsmith@example.com,6791
76,Ray,Perez,francissusan@example.net,3562
77,William,Parker,gregorygriffin@example.org,7206
78,Matthew,Krause,whitesheila@example.com,8800
79,Shannon,Greene,angela19@example.net,9868
80,Jaclyn,Bright,nancy87@example.org,9818
81,Bryan,Garcia,gutierrezmorgan@example.org,3684
82,Daniel,Rocha,diana00@example.org,7551
83,Kristine,Thomas,danielle66@example.org,4367
84,Raymond,Gomez,steven87@example.net,3269
85,Melissa,Page,bhamilton@example.net,5932
86,Shawn,Marshall,zanderson@example.net,3323
87,Jeremy,Morris,cestes@example.org,8382
88,Eric,Salas,cwatson@example.net,5552
89,Tanya,Day,rbruce@example.com,9884
90,Andre,Johnson,garciaeddie@example.com,9119
91,Matthew,Brown,ejensen@example.net,3566
92,Michael,Parks,charles47@example.org,6264
93,Donna,Elliott,christianvasquez@example.net,9496
94,Michelle,Moore,malik52@example.com,4106
95,Nichole,Weaver,zfuentes@example.net,4971
96,Angela,Diaz,psnyder@example.com,3644
97,Kathy,Hartman,ocowan@example.net,9223
98,Nicholas,Myers,jessicadorsey@example.com,5180
99,Debra,Martinez,pennybailey@example.org,8038
100,Debra,Martinez,pennybailey@example.org,8038
